,NIFTY,NSE,BSE,Twitter NIFTY,Reddit NIFTY,sentiment NIFTY,prediction NIFTY,volatility NIFTY,crash NIFTY,Twitter NSE,Reddit NSE,prediction NSE,volatility NSE,crash NSE,Twitter BSE,prediction BSE,volatility BSE,crash BSE,NIFTY IT,tech stocks,NIFTY Bank,bank stocks,banking sector,Twitter NIFTY Bank,prediction NIFTY Bank,volatility NIFTY Bank,prediction bank stocks,NIFTY Pharma,pharma stocks,healthcare sector,NIFTY FMCG,consumer goods,NIFTY Auto,auto sector,NIFTY Energy,energy stocks,renewable energy,NIFTY Metal,mining stocks,NIFTY Financial,finance stocks,crash NIFTY Financial,NIFTY Realty,real estate,NIFTY Consumer Durables,consumer durables
2004-01-01,3,41,45,0,0,0,0,0,0,0,0,0,0,0,0,0,0,0,0,0,0,0,0,0,0,0,0,0,0,0,0,0,0,0,0,0,0,0,0,0,0,0,0,46,0,0
2004-02-01,0,25,26,0,0,0,0,0,0,0,0,0,0,0,0,0,0,0,0,0,0,0,0,0,0,0,0,0,0,0,0,0,0,0,0,0,0,0,0,0,0,0,0,0,0,0
2004-03-01,0,33,30,0,0,0,0,0,0,0,0,0,0,0,0,0,0,0,0,0,0,0,0,0,0,0,0,0,0,0,0,0,0,0,0,0,0,0,0,0,0,0,0,0,0,0
2004-04-01,0,29,24,0,0,0,0,0,0,0,0,0,0,0,0,0,0,0,0,0,0,0,93,0,0,0,0,0,0,0,0,0,0,0,0,0,0,0,0,0,0,0,0,0,0,0
2004-05-01,3,37,35,0,0,0,0,0,0,0,0,0,0,0,0,0,0,0,0,0,0,0,0,0,0,0,0,0,0,0,0,0,0,0,0,0,0,0,0,0,0,0,0,0,0,0
2004-06-01,3,22,19,0,0,0,0,0,0,0,0,0,0,0,0,0,0,0,0,0,0,0,0,0,0,0,0,0,0,0,0,0,0,0,0,0,0,0,0,0,0,0,0,0,0,0
2004-07-01,3,36,30,0,0,0,0,0,0,0,0,0,0,0,0,0,0,0,0,0,0,0,0,0,0,0,0,0,0,0,0,0,0,0,0,0,0,0,0,0,0,0,0,0,0,0
2004-08-01,3,34,31,0,0,0,0,0,0,0,0,0,0,0,0,0,0,0,0,0,0,0,76,0,0,0,0,0,0,0,0,0,0,0,0,0,0,0,0,0,0,0,0,0,0,0
2004-09-01,3,35,28,0,0,0,0,0,0,0,0,0,0,0,0,0,0,0,0,0,13,0,92,0,0,0,0,0,0,0,0,0,0,0,0,0,0,0,0,0,0,0,0,0,0,0
2004-10-01,3,36,32,0,0,0,0,0,0,0,0,0,0,0,0,0,0,0,0,0,0,0,0,0,0,0,0,0,0,0,0,0,0,0,0,0,0,0,0,0,0,0,0,0,0,0
2004-11-01,0,40,33,0,0,0,0,0,0,0,0,0,0,0,0,0,0,0,0,0,0,0,0,0,0,0,0,0,0,0,0,0,0,0,0,0,0,0,0,0,0,0,0,49,0,0
2004-12-01,3,45,38,0,0,0,0,0,0,0,0,0,0,0,0,0,0,0,0,0,0,0,100,0,0,0,0,0,0,0,0,0,0,0,0,0,0,0,0,0,0,0,0,0,0,0
2005-01-01,2,43,42,0,0,0,0,0,0,0,0,0,0,0,0,0,0,0,0,0,0,0,0,0,0,0,0,0,0,0,0,0,0,0,0,0,0,0,0,0,0,0,0,0,0,0
2005-02-01,4,44,41,0,0,0,0,0,0,0,0,0,0,0,0,0,0,0,0,0,0,0,0,0,0,0,0,0,0,0,0,0,0,0,0,0,0,100,0,0,0,0,0,43,0,0
2005-03-01,3,40,42,0,0,0,0,0,0,0,0,0,0,0,0,0,0,0,0,0,0,0,98,0,0,0,0,0,0,0,0,0,0,0,0,0,0,0,0,0,0,0,0,49,0,0
2005-04-01,3,40,32,0,0,0,0,0,0,0,0,0,0,0,0,0,0,0,0,0,0,0,0,0,0,0,0,0,0,0,0,0,0,0,0,0,0,0,0,0,0,0,0,42,0,0
2005-05-01,5,41,36,0,0,0,0,0,0,0,0,0,0,0,0,0,0,0,0,0,0,0,47,0,0,0,0,0,0,0,0,0,0,0,0,0,0,0,0,0,0,0,0,45,0,0
2005-06-01,3,41,38,0,0,0,0,0,0,0,0,0,0,0,0,0,0,0,0,0,0,0,52,0,0,0,0,0,0,0,0,0,0,0,0,0,0,0,0,0,0,0,0,22,0,0
2005-07-01,4,45,47,0,0,0,0,0,0,0,0,0,0,0,0,0,0,0,0,0,0,0,59,0,0,0,0,0,0,0,0,0,0,0,0,0,0,0,0,0,0,0,0,53,0,0
2005-08-01,4,52,59,0,0,0,0,0,0,0,0,0,0,0,0,0,0,0,0,0,0,0,99,0,0,0,0,0,0,0,0,0,0,0,0,0,0,0,0,0,0,0,0,67,0,0
2005-09-01,4,58,61,0,0,0,0,0,0,0,0,0,0,0,0,0,0,0,0,0,0,0,76,0,0,0,0,0,0,0,0,0,0,0,0,0,0,0,0,0,0,0,0,38,0,0
2005-10-01,3,42,42,0,0,0,0,0,0,0,0,0,0,0,0,0,0,0,0,0,0,0,58,0,0,0,0,0,0,0,0,0,0,0,0,0,0,0,0,0,0,0,0,34,0,0
2005-11-01,4,44,41,0,0,0,0,0,0,0,0,0,0,0,0,0,0,0,0,0,0,0,58,0,0,0,0,0,0,0,0,0,0,0,0,0,0,0,0,0,0,0,0,39,0,0
2005-12-01,5,45,41,0,0,0,0,0,0,0,0,0,0,0,0,0,0,0,0,0,0,0,59,0,0,0,0,0,0,0,0,0,0,0,0,0,0,0,0,0,0,0,0,42,0,0
2006-01-01,4,48,45,0,0,0,0,0,0,0,0,0,0,0,0,0,0,0,0,0,0,0,0,0,0,100,0,0,0,0,0,0,0,0,0,0,0,0,0,0,0,0,0,34,0,0
2006-02-01,5,48,41,0,0,0,0,0,0,0,0,0,0,0,0,0,0,0,0,0,0,0,34,0,0,0,0,0,0,0,0,0,0,0,0,0,0,0,0,0,0,0,0,48,0,0
2006-03-01,4,50,45,0,0,0,0,0,0,0,0,0,0,0,0,0,0,0,0,0,0,0,48,0,0,0,0,0,0,0,0,0,0,0,0,0,0,0,0,0,0,0,0,59,0,0
2006-04-01,4,57,51,0,0,0,0,0,0,0,0,0,0,0,0,0,0,0,0,0,0,0,0,0,0,0,0,0,0,0,0,0,0,0,0,0,0,0,0,0,0,0,0,61,0,0
2006-05-01,4,66,71,0,0,0,0,0,0,0,0,0,0,0,0,0,0,0,0,0,0,0,36,0,0,0,0,0,0,0,0,0,0,0,0,0,100,0,0,0,0,0,0,51,0,0
2006-06-01,4,44,42,0,0,0,0,0,0,0,0,0,0,0,0,0,0,0,100,0,0,0,43,0,0,0,0,0,0,0,0,0,0,0,0,0,0,0,0,0,0,0,0,72,0,0
2006-07-01,5,33,32,0,0,0,0,0,0,0,0,0,0,0,0,0,0,0,0,0,0,0,45,0,0,0,0,0,0,0,0,0,0,0,0,0,0,0,0,0,0,0,0,67,0,0
2006-08-01,4,42,34,0,0,0,0,0,0,0,0,0,0,0,0,0,0,0,0,0,0,0,50,0,0,0,0,0,0,0,0,0,0,0,0,0,0,0,0,0,0,0,0,64,0,0
2006-09-01,4,40,34,0,0,0,0,0,0,0,0,0,0,0,0,0,0,0,0,0,0,0,35,0,0,0,0,0,0,0,0,0,0,0,0,0,0,0,0,0,0,0,0,55,0,0
2006-10-01,3,41,34,0,0,0,0,0,0,0,0,0,0,0,0,0,0,0,0,0,0,0,37,0,0,0,0,0,0,0,0,0,0,0,0,0,0,0,0,0,0,100,0,50,0,0
2006-11-01,4,48,40,0,0,0,0,0,0,0,0,0,0,0,0,0,0,0,0,0,0,0,39,0,0,0,0,0,0,0,0,0,0,0,0,0,0,0,0,0,0,0,0,55,0,0
2006-12-01,4,44,41,0,0,0,0,0,0,0,0,0,0,0,0,0,0,0,0,0,0,0,39,0,0,62,0,0,0,0,0,0,0,0,0,0,0,0,0,0,0,0,0,37,0,0
2007-01-01,5,55,43,0,0,0,0,0,0,0,0,0,0,0,0,0,0,0,0,0,0,0,50,0,0,0,0,0,0,0,0,0,0,0,0,0,0,0,0,0,0,0,0,63,0,0
2007-02-01,5,60,44,0,0,0,0,0,0,0,0,0,0,0,0,0,0,0,0,0,0,0,46,0,0,0,0,0,0,0,0,0,0,0,0,0,0,0,0,0,0,0,0,64,0,0
2007-03-01,5,52,41,0,0,0,0,0,0,0,0,0,0,0,0,0,0,0,0,0,0,0,38,0,0,0,0,0,0,0,0,0,0,0,0,0,0,0,0,0,0,0,0,61,0,0
2007-04-01,4,50,36,0,0,0,0,0,0,0,0,0,0,0,0,0,0,0,0,0,0,0,27,0,0,0,0,0,0,0,0,0,0,0,0,0,0,0,0,0,0,0,0,55,0,0
2007-05-01,5,49,36,0,0,0,0,0,0,0,0,0,0,0,0,0,0,0,0,0,0,0,32,0,0,0,0,0,0,0,0,0,0,0,0,0,0,0,0,0,0,0,0,46,0,0
2007-06-01,6,54,36,0,0,0,0,0,0,0,0,0,0,0,0,0,0,0,0,0,0,0,38,0,0,0,0,0,0,0,0,0,0,0,0,0,0,0,0,0,0,0,100,62,0,0
2007-07-01,6,64,47,0,0,0,0,0,0,0,0,0,0,0,0,0,0,0,0,0,0,0,57,0,0,0,0,0,0,0,0,0,0,0,0,0,0,0,0,0,0,0,0,55,0,0
2007-08-01,6,64,49,0,0,0,0,0,0,0,0,0,0,0,0,0,0,0,0,0,0,0,70,0,0,0,0,0,0,100,0,0,0,0,0,0,0,0,0,0,0,0,0,47,0,0
2007-09-01,5,64,52,0,0,0,0,0,0,0,0,0,0,0,0,0,0,0,0,0,0,0,61,0,0,0,0,0,0,0,0,0,0,0,0,0,0,0,0,0,0,0,0,60,0,0
2007-10-01,9,75,63,0,0,0,0,0,0,0,0,0,0,0,0,0,0,0,0,0,0,0,48,0,0,0,0,0,0,0,0,0,0,0,0,0,0,0,0,0,0,0,0,55,0,0
2007-11-01,7,77,72,0,0,0,0,0,0,100,0,0,0,0,0,0,0,0,0,0,0,0,47,0,0,0,0,0,0,0,0,0,0,0,0,0,0,0,0,0,0,0,0,64,0,0
2007-12-01,7,82,73,0,0,0,0,0,0,0,0,0,0,0,0,0,0,0,0,0,0,0,55,0,0,0,0,0,0,0,0,0,0,0,0,0,0,0,0,0,0,0,0,100,0,0
2008-01-01,10,100,100,0,0,0,0,0,0,0,0,0,0,0,0,0,0,0,0,0,0,0,55,0,0,0,0,0,0,0,0,0,0,0,0,0,0,0,0,0,0,0,0,64,0,0
2008-02-01,10,78,68,0,0,0,0,0,0,0,0,0,0,0,0,0,0,0,0,0,0,0,65,0,0,0,0,0,0,0,0,0,0,0,0,0,0,0,0,0,0,0,0,47,0,0
2008-03-01,9,61,59,0,0,0,0,0,0,0,0,0,0,0,0,0,0,0,0,0,0,27,60,0,0,0,0,0,0,0,0,0,0,0,0,0,0,0,0,0,0,0,0,48,0,0
2008-04-01,9,58,46,0,0,0,0,0,0,0,0,0,0,0,0,0,0,0,0,0,0,0,54,0,0,0,0,0,0,0,0,0,0,0,0,0,0,0,0,0,0,0,0,47,0,0
2008-05-01,8,52,42,0,0,0,0,0,0,0,0,0,0,0,0,0,0,0,0,0,0,0,32,0,0,0,0,0,0,0,0,0,0,0,0,0,0,0,0,0,0,0,0,57,0,0
2008-06-01,11,56,42,0,0,0,0,0,0,0,0,0,0,0,0,0,0,0,0,0,0,0,37,0,0,0,0,0,0,0,0,0,0,0,0,0,0,0,0,0,0,0,0,54,0,0
2008-07-01,13,60,48,0,0,0,0,0,0,0,0,0,0,0,0,0,0,0,0,0,0,0,51,0,0,0,0,0,0,0,0,0,0,0,0,0,0,0,0,0,0,0,0,52,0,0
2008-08-01,14,54,39,0,0,0,0,0,0,0,0,0,0,0,0,0,0,0,0,0,0,0,50,0,0,0,0,0,0,0,0,0,0,0,0,0,0,0,0,0,0,0,0,46,0,0
2008-09-01,20,58,48,0,0,0,0,0,0,0,0,0,0,0,0,0,0,0,0,0,2,0,60,0,0,0,0,0,0,0,0,0,0,100,0,0,0,0,0,0,0,0,0,42,0,0
2008-10-01,27,66,65,0,0,0,0,0,0,0,0,0,0,0,0,0,0,0,0,0,0,0,56,0,0,0,0,0,0,0,0,0,0,0,0,0,0,0,0,0,81,0,0,47,0,0
2008-11-01,22,56,48,0,0,0,0,0,0,0,0,0,0,0,0,0,0,0,0,0,0,0,58,0,0,0,0,0,0,0,0,0,0,0,0,0,0,0,0,0,0,0,0,44,0,0
2008-12-01,20,53,42,0,0,0,0,0,0,0,0,0,0,0,0,0,0,0,0,0,0,0,47,0,0,0,0,0,0,0,0,0,0,0,0,0,0,0,0,0,0,0,0,33,0,0
2009-01-01,19,61,51,0,0,0,0,0,0,0,0,0,0,0,0,0,0,0,0,0,0,21,37,0,0,0,0,0,0,0,0,0,0,0,0,0,0,0,0,0,100,0,0,32,0,0
2009-02-01,19,54,38,0,0,0,0,0,0,0,0,0,0,0,0,0,0,0,0,0,2,37,58,0,0,0,0,0,0,0,0,0,0,0,0,0,0,0,0,0,75,0,0,32,0,0
2009-03-01,21,51,36,0,0,0,0,0,0,0,0,0,0,0,0,0,0,0,0,0,2,0,49,0,0,0,0,0,0,0,0,0,0,0,0,0,0,0,0,0,56,0,0,26,0,0
2009-04-01,24,52,39,0,0,0,0,0,0,0,0,0,0,0,0,0,0,0,0,100,0,25,50,0,0,0,0,0,0,0,0,0,0,0,0,0,0,0,0,0,0,0,0,32,0,0
2009-05-01,30,53,49,0,0,0,0,0,0,0,0,0,0,0,0,0,0,0,0,0,2,21,48,0,0,0,0,0,0,0,0,0,0,0,63,0,0,0,0,0,65,0,0,39,0,0
2009-06-01,26,58,47,0,0,0,0,0,0,0,0,0,0,0,0,0,0,0,0,0,2,35,41,0,0,0,0,0,0,0,0,0,0,0,0,0,0,0,0,0,66,0,0,36,0,0
2009-07-01,26,55,46,0,0,0,0,0,0,0,0,0,0,0,0,0,0,0,0,0,3,20,54,0,0,0,0,0,0,0,0,0,0,0,0,0,0,0,0,0,67,0,0,34,0,0
2009-08-01,28,51,46,0,0,0,0,0,0,0,0,0,0,0,0,0,0,0,0,0,3,22,60,0,0,0,0,0,0,0,0,0,0,0,0,0,0,0,0,0,0,0,0,35,0,0
2009-09-01,27,54,47,0,0,0,0,0,0,0,0,0,0,0,0,0,0,0,0,0,3,19,56,0,0,0,0,0,0,0,0,0,0,0,0,0,0,0,0,0,76,0,0,37,0,0
2009-10-01,27,50,48,0,0,0,0,0,0,0,0,0,0,0,0,0,0,0,0,0,2,30,48,0,0,0,0,0,0,0,0,0,0,0,0,0,0,0,0,0,0,0,0,43,0,0
2009-11-01,27,49,45,0,0,0,0,0,0,0,0,0,0,0,0,0,0,0,0,0,2,30,46,0,0,0,0,0,0,0,0,0,0,0,0,0,0,0,0,0,74,0,0,37,0,0
2009-12-01,25,50,41,0,0,0,0,0,0,0,0,0,0,0,0,0,0,0,0,0,3,31,52,0,0,0,0,0,0,0,0,0,0,0,0,0,0,0,0,0,67,0,0,32,0,0
2010-01-01,21,47,44,0,0,0,0,0,0,0,0,0,0,0,0,0,0,0,0,0,4,26,50,0,0,0,0,0,0,0,0,0,0,0,0,0,0,0,0,0,73,0,0,30,0,0
2010-02-01,23,50,41,0,0,0,0,0,0,0,0,0,0,0,0,0,0,0,0,0,2,21,44,0,0,0,0,0,0,0,0,0,0,0,0,0,0,0,0,0,62,0,0,32,0,0
2010-03-01,20,45,37,0,0,0,0,0,0,0,0,0,0,0,0,0,0,0,0,0,3,19,50,0,0,0,0,0,0,0,0,0,0,0,0,0,0,0,0,0,0,0,0,36,0,0
2010-04-01,19,41,37,0,0,0,0,0,0,0,0,0,0,0,0,0,0,0,0,0,2,0,45,0,0,0,0,0,0,0,0,0,0,0,0,0,0,0,0,0,0,0,0,32,0,0
2010-05-01,26,43,38,0,0,0,0,0,0,0,0,0,0,0,0,0,0,0,0,0,3,0,33,0,0,0,0,0,0,0,0,0,0,0,0,0,0,0,0,0,51,0,0,35,0,0
2010-06-01,24,42,37,0,0,0,0,0,0,0,0,0,0,0,0,0,0,0,0,0,3,26,34,0,0,0,0,0,0,0,0,0,0,0,0,0,0,0,0,0,0,0,0,30,0,0
2010-07-01,20,47,39,0,0,0,0,0,0,0,0,0,0,0,0,100,0,0,0,0,3,22,28,0,0,0,0,0,0,0,0,0,0,0,0,0,0,0,0,0,43,0,0,31,0,0
2010-08-01,18,53,36,0,0,0,0,0,0,0,0,0,0,0,0,0,0,0,0,0,5,36,35,0,0,0,0,0,0,0,0,0,0,0,0,0,0,0,0,0,40,0,0,36,0,0
2010-09-01,20,59,52,0,0,0,0,100,0,0,0,0,0,0,0,0,0,0,0,0,5,21,47,0,0,0,0,0,0,0,0,0,0,0,0,0,0,0,0,0,61,0,0,33,0,0
2010-10-01,17,60,47,0,0,0,0,0,0,0,0,0,0,0,0,0,0,0,0,0,3,35,33,0,0,0,0,0,0,0,0,0,0,0,0,0,0,0,0,0,45,0,0,35,0,0
2010-11-01,18,68,45,0,0,0,0,0,0,0,0,0,0,0,0,0,0,0,0,0,3,37,38,0,0,0,0,0,0,0,100,0,0,0,0,0,0,0,0,0,58,0,0,27,0,0
2010-12-01,16,57,49,0,0,0,0,0,0,0,0,0,0,0,0,0,0,0,0,0,4,35,29,0,0,0,0,0,0,0,0,0,0,0,0,0,0,0,0,0,48,0,0,30,0,0
2011-01-01,13,44,39,0,0,0,0,0,0,0,0,0,0,0,0,0,0,0,0,0,3,23,26,0,0,0,0,0,12,0,0,0,0,0,0,0,0,0,0,0,41,8,0,25,0,0
2011-02-01,15,47,41,0,0,0,0,0,0,0,0,0,0,0,0,0,0,0,0,0,3,23,36,0,0,0,0,0,0,0,0,0,0,0,0,0,0,0,0,0,49,0,0,23,0,0
2011-03-01,15,40,35,0,0,0,0,0,0,0,0,0,99,0,0,0,0,0,0,0,3,17,27,0,0,0,0,0,0,0,0,0,0,0,0,0,0,0,0,0,36,0,0,19,0,0
2011-04-01,13,42,32,0,0,0,11,0,0,0,0,0,0,0,0,0,0,0,0,0,2,15,29,0,0,0,0,0,0,0,0,0,19,0,0,0,0,0,0,14,26,0,0,23,0,0
2011-05-01,13,44,30,0,0,0,0,36,0,0,0,0,0,0,0,0,0,0,10,0,2,19,28,0,0,0,0,0,0,0,0,0,0,0,0,0,0,0,0,12,26,0,0,19,0,0
2011-06-01,12,43,26,0,0,0,0,0,0,0,0,0,0,0,0,0,0,0,0,0,2,13,26,0,0,0,0,0,0,0,0,0,0,0,0,0,0,0,0,12,26,0,0,21,0,0
2011-07-01,12,42,25,0,0,0,0,34,0,0,0,0,0,0,0,0,0,0,0,0,2,16,25,0,0,0,0,0,0,0,0,0,0,0,0,0,6,0,0,0,28,0,0,20,0,0
2011-08-01,15,44,32,0,0,0,0,0,0,0,0,0,0,0,0,0,0,0,0,0,3,18,34,0,0,0,0,0,0,0,0,0,0,0,0,0,5,0,0,0,43,0,0,21,0,0
2011-09-01,14,40,28,0,0,0,0,26,0,0,0,0,0,0,0,0,0,0,0,0,2,17,32,0,0,0,0,0,0,0,0,0,13,0,0,0,0,0,0,0,22,0,0,19,0,0
2011-10-01,12,34,24,0,0,0,0,0,0,0,0,0,0,0,0,0,0,0,0,0,3,11,25,0,0,0,0,0,0,0,0,0,15,0,0,0,0,0,0,0,29,0,0,18,0,0
2011-11-01,13,37,24,0,0,0,8,27,0,0,0,0,0,0,0,0,0,0,7,0,2,13,29,0,0,0,0,0,0,0,0,0,0,0,0,0,0,0,0,9,18,0,0,15,0,0
2011-12-01,12,32,19,0,0,0,0,33,0,0,0,0,0,0,0,0,0,0,0,0,3,9,24,0,0,0,0,0,0,0,0,0,10,0,0,0,0,0,0,0,20,0,0,17,0,0
2012-01-01,11,34,20,0,0,0,0,0,0,0,0,0,0,0,0,0,0,0,0,0,3,10,28,0,0,0,0,0,0,0,0,0,0,0,0,0,0,0,0,0,17,0,0,16,0,0
2012-02-01,12,37,23,0,0,0,0,0,0,0,0,0,0,0,0,0,0,0,0,0,3,15,27,0,0,0,0,0,0,0,0,0,0,0,0,0,0,0,0,7,24,0,0,17,0,0
2012-03-01,10,32,20,0,0,0,0,24,0,0,0,0,0,0,0,0,0,0,0,0,3,13,26,0,0,0,0,0,0,0,0,0,0,0,0,0,0,0,0,0,19,0,0,17,0,0
2012-04-01,10,27,17,0,0,0,0,0,0,0,0,0,0,0,0,0,0,0,0,0,3,7,25,0,0,0,0,0,0,0,0,0,0,0,0,0,0,0,0,0,23,0,0,15,0,0
2012-05-01,10,28,17,0,0,0,0,0,0,0,0,0,0,0,0,0,0,0,0,0,3,8,22,0,0,0,0,0,0,0,0,0,0,0,0,6,6,0,0,0,13,0,0,15,0,0
2012-06-01,10,25,16,0,0,0,0,19,0,0,0,0,0,0,0,0,0,0,0,0,3,10,28,0,0,0,0,0,0,0,0,0,0,0,0,0,0,0,0,0,18,0,0,14,0,0
2012-07-01,9,29,17,0,0,0,0,0,0,0,0,0,0,0,0,0,0,0,0,0,3,9,23,0,0,0,0,0,0,0,0,0,0,0,0,0,4,0,0,0,21,0,0,14,0,0
2012-08-01,9,25,17,0,0,0,0,0,0,0,0,0,53,0,0,0,0,0,0,0,2,10,28,0,0,0,0,0,5,0,0,0,0,0,0,0,5,0,0,6,18,0,0,16,0,0
2012-09-01,9,28,17,0,0,0,0,0,0,0,0,0,0,0,0,0,0,0,0,0,3,13,25,0,0,3,0,0,5,0,0,0,0,0,0,0,5,0,0,0,19,0,0,15,0,0
2012-10-01,11,31,19,0,0,0,0,0,0,0,0,0,59,100,0,0,0,0,0,0,3,14,22,0,0,0,0,0,0,0,0,0,0,0,0,0,0,0,0,0,34,0,0,16,0,99
2012-11-01,9,27,16,0,0,0,0,0,0,0,0,0,0,0,0,0,100,0,5,0,2,13,17,0,0,0,0,0,0,0,0,0,0,0,0,0,0,0,0,0,16,0,0,15,100,0
2012-12-01,8,29,17,0,0,0,0,0,0,0,0,0,0,0,0,0,0,0,0,0,2,14,24,0,0,0,0,0,0,0,0,0,0,0,0,0,0,0,0,0,23,0,0,15,0,0
2013-01-01,9,32,19,0,0,0,0,0,0,8,0,0,0,0,0,0,0,0,0,0,3,11,27,0,0,0,0,0,7,0,0,0,0,0,0,0,0,0,0,5,26,0,0,17,0,0
2013-02-01,9,30,16,0,0,0,0,0,0,0,0,0,0,0,0,0,0,0,0,0,3,10,29,0,0,0,0,0,0,0,0,0,0,0,0,0,0,0,0,0,20,0,0,16,0,0
2013-03-01,9,28,14,0,0,0,0,0,0,0,0,0,0,0,0,0,0,0,0,0,3,9,30,100,0,0,0,0,0,0,0,0,0,0,0,0,0,0,0,0,20,0,0,16,0,0
2013-04-01,9,31,16,0,0,0,0,16,0,0,0,0,0,0,0,0,0,0,0,0,4,9,24,0,0,0,0,0,0,0,0,0,9,0,0,0,4,0,0,0,14,0,0,15,0,0
2013-05-01,10,28,16,0,0,0,5,18,0,0,0,0,0,0,0,17,0,0,0,0,4,10,20,0,0,0,0,0,0,0,0,0,0,0,0,0,0,0,0,0,19,0,0,14,0,0
2013-06-01,10,26,12,0,0,0,0,15,0,0,0,0,0,0,0,0,0,0,0,0,3,12,20,0,0,0,0,0,0,0,0,0,0,0,0,0,4,0,0,0,23,0,0,15,0,0
2013-07-01,11,30,14,27,0,0,0,14,0,0,0,0,0,0,0,0,0,0,0,0,5,15,25,0,0,0,0,0,4,0,0,0,0,0,0,0,3,0,0,4,14,0,0,16,0,0
2013-08-01,12,31,17,0,0,0,0,0,0,7,0,0,37,0,59,0,0,0,4,0,6,15,25,0,0,0,0,4,5,0,0,0,0,0,0,0,0,0,0,7,17,0,0,15,0,0
2013-09-01,13,30,17,0,0,0,0,19,0,0,0,0,0,0,0,0,0,0,4,0,7,14,27,0,0,0,0,0,5,0,0,0,0,11,0,0,3,0,0,5,17,0,0,15,0,0
2013-10-01,12,27,15,0,0,0,5,0,0,0,0,0,0,0,0,0,0,0,0,0,6,15,24,0,0,0,0,0,0,0,0,0,0,0,0,0,0,0,0,0,14,0,0,13,0,0
2013-11-01,12,25,13,0,0,0,0,38,0,0,0,0,0,0,0,0,0,0,4,0,6,15,25,0,0,0,0,0,10,0,0,78,0,0,0,0,0,0,0,0,21,0,0,13,0,0
2013-12-01,10,24,11,0,0,0,0,0,0,6,0,0,54,0,0,0,0,0,0,0,5,15,22,0,0,0,0,3,7,0,0,0,0,0,0,3,3,0,0,0,13,0,0,11,0,69
2014-01-01,10,24,12,0,0,0,0,16,0,0,0,0,0,0,0,0,0,0,0,0,5,11,22,0,0,0,0,0,5,0,0,0,0,0,0,0,2,0,0,5,17,0,0,11,0,0
2014-02-01,8,20,10,0,0,0,0,14,0,0,0,0,35,0,0,0,0,0,6,0,5,10,23,93,0,0,0,4,7,0,0,0,0,0,0,0,0,0,0,0,15,0,0,12,0,0
2014-03-01,9,20,10,0,0,0,5,18,0,0,0,16,0,0,49,0,0,0,3,0,5,12,18,0,0,0,0,4,6,0,0,49,0,8,0,0,2,0,0,3,20,0,0,11,0,0
2014-04-01,8,20,11,0,0,0,0,15,0,4,0,0,35,0,0,0,0,0,3,7,5,10,19,0,0,0,0,5,6,0,0,0,0,0,0,0,0,0,0,4,16,0,0,11,0,0
2014-05-01,10,26,15,0,0,0,6,15,0,0,0,15,37,0,0,0,0,0,3,7,6,16,17,0,0,0,0,3,8,0,0,0,0,0,0,4,0,0,0,4,24,0,0,11,0,0
2014-06-01,10,26,14,0,0,0,0,0,0,0,0,0,49,0,0,0,0,0,0,0,6,16,18,0,0,0,0,0,5,0,0,0,0,0,0,3,3,0,0,0,19,0,0,11,0,0
2014-07-01,11,27,16,0,0,0,0,0,0,0,0,0,0,0,0,0,0,0,3,9,6,15,21,0,0,0,0,0,8,0,0,0,0,0,0,3,3,0,0,3,18,0,0,14,0,63
2014-08-01,11,24,14,0,0,0,4,0,0,5,0,0,0,0,0,0,0,0,4,0,6,15,21,0,0,0,0,0,13,0,0,0,0,0,0,0,0,0,0,5,20,0,0,13,0,0
2014-09-01,12,27,17,0,0,0,0,0,0,0,0,21,40,0,0,0,0,0,3,0,6,16,23,0,0,0,0,7,18,0,0,0,7,8,0,0,0,0,0,5,24,0,0,13,0,0
2014-10-01,12,24,12,0,0,0,3,0,0,0,0,0,31,0,0,0,0,0,3,0,6,11,19,0,0,0,0,0,7,0,0,0,7,0,0,0,2,0,0,6,14,0,0,11,0,0
2014-11-01,10,26,15,0,0,0,5,11,0,0,0,0,38,0,0,0,0,0,3,0,6,19,22,0,0,0,0,6,7,0,0,0,7,14,0,3,0,0,0,3,23,0,0,13,0,0
2014-12-01,13,27,15,0,0,0,0,0,0,0,0,0,0,0,0,0,0,0,4,0,9,19,22,0,0,0,0,5,8,0,0,0,10,0,0,4,0,0,0,5,21,0,0,12,0,71
2015-01-01,13,27,17,0,0,0,0,16,0,6,0,0,29,0,0,0,0,0,5,0,8,22,26,0,0,0,0,8,10,0,0,0,7,7,0,4,3,0,0,6,23,0,0,12,0,0
2015-02-01,12,28,18,0,0,0,0,0,0,0,0,0,0,0,0,0,0,0,0,8,10,21,25,0,0,0,0,4,8,0,0,0,6,11,0,4,5,0,0,4,17,0,0,11,0,91
2015-03-01,12,26,16,0,0,0,0,0,0,0,0,0,34,0,0,0,0,0,4,7,9,17,20,0,0,0,0,7,19,0,0,54,7,0,0,0,4,0,0,0,15,0,0,12,0,0
2015-04-01,11,27,15,0,0,0,4,0,0,0,0,0,38,0,0,0,0,0,3,11,8,14,17,0,0,0,0,10,20,0,0,63,7,0,0,0,4,0,0,0,12,0,0,12,0,0
2015-05-01,12,23,13,0,0,0,0,0,0,0,0,20,36,0,0,18,0,0,4,8,8,16,18,0,0,0,0,6,9,0,0,0,9,0,0,3,4,0,0,0,13,0,0,11,0,0
2015-06-01,12,24,13,0,0,0,6,9,0,0,0,0,37,0,0,0,0,0,2,7,9,15,17,0,0,0,0,11,13,0,0,0,5,0,0,0,3,0,0,4,19,0,0,13,0,0
2015-07-01,10,22,13,0,0,0,3,15,0,6,0,0,0,0,0,0,0,0,4,9,8,15,16,0,0,0,0,9,18,0,0,0,5,7,0,0,2,0,0,5,17,0,0,9,0,0
2015-08-01,12,24,15,0,0,0,4,12,0,0,0,0,40,0,34,0,0,96,4,9,9,19,19,0,0,0,0,9,22,0,0,0,7,0,0,0,4,0,0,3,21,0,0,10,0,0
2015-09-01,14,23,13,0,0,0,4,20,0,0,0,13,35,0,0,0,0,65,3,7,11,18,18,0,0,0,0,15,13,0,0,0,10,0,0,0,3,0,0,5,18,0,0,11,0,0
2015-10-01,12,21,11,0,0,0,2,9,29,0,0,0,28,0,0,0,0,0,3,7,9,13,17,0,0,0,0,10,13,0,0,0,7,0,0,0,2,0,0,3,15,0,0,9,0,55
2015-11-01,12,22,13,18,0,0,4,10,0,5,0,13,0,0,0,0,0,0,3,7,8,15,16,0,0,0,0,14,18,0,0,0,8,6,0,3,3,0,0,0,19,0,0,9,0,0
2015-12-01,13,22,13,20,0,0,5,11,0,5,0,0,22,0,0,0,0,0,2,6,9,16,17,0,0,0,0,16,19,0,12,0,10,9,4,3,3,1,0,3,18,0,0,10,0,0
2016-01-01,16,20,13,0,0,0,5,0,0,0,0,12,30,0,0,0,0,0,4,15,10,14,18,0,0,0,0,18,13,0,0,0,9,0,5,4,3,0,0,3,14,0,0,10,0,0
2016-02-01,18,22,16,0,0,0,7,0,0,4,0,13,24,0,0,0,0,0,4,0,14,17,19,0,0,0,0,22,11,0,0,0,14,0,6,4,2,0,0,7,16,0,0,10,0,0
2016-03-01,16,20,12,17,0,0,3,23,0,6,0,12,35,0,0,0,0,0,4,0,12,13,17,0,0,0,0,21,10,0,0,0,10,0,4,3,2,0,0,0,15,0,0,11,0,0
2016-04-01,15,19,12,0,0,0,3,11,0,0,0,0,0,0,0,0,0,0,3,9,11,12,17,0,0,0,0,11,8,0,0,0,9,6,5,2,3,0,0,4,14,0,0,10,0,0
2016-05-01,15,18,12,21,0,0,4,11,0,5,0,0,28,0,0,0,0,0,2,6,12,12,15,0,0,0,0,21,13,0,0,0,7,0,0,0,3,0,0,4,15,0,2,11,0,0
2016-06-01,17,20,12,0,0,0,4,0,0,0,0,15,0,0,0,0,0,0,3,0,13,15,18,0,0,0,0,25,12,0,0,56,12,9,0,3,4,0,0,7,18,0,0,11,0,0
2016-07-01,17,22,12,0,0,0,4,12,0,0,0,0,38,0,0,0,0,0,2,10,13,16,18,0,0,0,0,13,13,0,0,0,9,5,5,3,4,0,0,7,16,0,0,11,0,0
2016-08-01,16,20,12,0,0,0,5,13,0,4,0,0,20,0,0,9,0,0,3,11,13,15,18,0,0,0,0,17,9,0,0,0,8,6,5,0,2,1,0,6,17,0,0,9,0,0
2016-09-01,18,21,12,0,0,0,5,14,0,5,0,13,24,0,0,0,0,0,3,8,13,15,18,0,0,0,0,17,12,0,0,0,11,8,5,2,3,0,0,6,15,0,0,10,0,0
2016-10-01,14,19,11,0,0,0,3,10,0,0,0,0,32,26,0,0,0,0,0,10,11,14,15,0,0,0,0,15,11,0,0,0,7,6,0,2,3,0,0,3,19,2,0,8,0,0
2016-11-01,22,19,11,19,0,0,6,0,0,0,0,0,22,0,0,14,0,0,4,9,16,21,20,0,7,0,0,30,17,0,0,44,8,7,6,4,2,0,0,6,17,0,0,19,0,0
2016-12-01,17,16,9,12,0,0,5,8,0,0,0,12,22,0,0,0,0,0,4,5,14,12,18,0,0,0,0,26,9,0,0,0,10,6,6,2,2,0,0,9,15,0,0,9,0,0
2017-01-01,17,17,13,11,0,0,5,9,0,0,0,0,23,0,0,0,0,0,5,6,14,15,19,0,0,0,0,15,9,0,0,0,12,5,5,3,2,0,0,7,16,0,0,9,0,44
2017-02-01,18,20,16,0,0,0,4,13,0,3,0,15,0,0,0,7,0,0,3,7,15,18,17,0,7,0,0,22,13,0,8,0,9,0,8,3,4,0,0,8,22,0,0,10,0,0
2017-03-01,20,20,13,13,0,0,5,10,0,3,0,13,38,0,0,0,0,0,3,0,14,15,18,0,0,0,0,22,11,0,0,0,12,4,8,3,3,0,0,8,22,0,0,10,0,0
2017-04-01,16,19,12,0,0,0,5,0,0,3,66,10,20,0,0,6,0,0,4,5,13,17,18,0,0,0,0,15,10,0,0,30,8,0,10,4,3,1,0,9,20,0,0,17,0,36
2017-05-01,18,20,14,18,0,0,6,8,0,3,0,14,19,0,28,6,0,0,4,5,16,22,17,0,8,0,0,23,14,0,0,62,10,0,6,5,3,0,0,7,21,0,0,14,0,0
2017-06-01,17,18,11,11,0,0,4,12,0,3,0,0,26,0,0,0,0,0,4,12,14,16,16,0,7,0,0,25,13,0,0,34,11,4,7,3,4,1,0,7,21,0,2,17,0,44
2017-07-01,19,21,14,0,0,0,4,12,0,3,0,10,58,0,0,0,0,0,4,6,15,20,20,0,0,0,0,21,12,0,0,49,12,6,7,3,2,1,0,8,25,1,0,15,0,34
2017-08-01,22,21,13,11,0,0,5,10,24,0,0,14,28,0,0,8,0,0,5,4,16,19,17,0,0,0,0,29,18,0,7,0,11,5,9,5,2,1,0,10,23,0,2,13,0,37
2017-09-01,24,25,16,11,0,0,6,14,24,4,0,18,43,0,28,8,0,0,3,10,15,19,18,0,6,0,0,35,15,0,0,0,20,6,9,6,4,0,0,9,28,0,2,15,0,0
2017-10-01,25,25,15,23,0,0,7,12,0,4,0,18,48,0,41,0,0,0,4,8,19,32,18,0,0,0,0,27,15,0,0,38,20,12,11,6,3,1,0,14,28,0,0,14,0,0
2017-11-01,29,26,18,21,0,0,8,14,0,5,0,19,50,0,26,7,0,0,4,11,22,26,19,0,0,0,0,35,18,0,0,41,19,6,11,7,2,1,0,14,24,0,2,16,0,34
2017-12-01,27,23,16,17,0,0,7,14,0,4,0,17,52,0,0,8,0,0,5,8,17,21,16,0,0,0,0,26,13,0,0,35,22,11,10,6,3,1,0,11,24,0,3,15,0,0
2018-01-01,29,27,20,17,0,0,7,19,24,4,0,10,32,0,36,0,0,59,6,13,20,27,17,0,5,0,0,31,17,0,7,0,22,6,10,6,3,1,0,9,31,0,4,15,0,33
2018-02-01,40,25,19,18,0,0,8,13,26,3,0,19,46,26,42,9,0,65,6,9,24,22,15,0,0,0,0,40,11,0,8,0,27,0,10,4,2,1,0,10,20,0,4,14,0,42
2018-03-01,36,19,15,26,0,0,8,14,0,0,0,16,39,0,0,7,0,0,7,6,25,17,14,0,0,1,0,32,6,0,0,25,23,4,8,4,2,1,61,9,16,0,3,11,0,40
2018-04-01,31,20,15,24,0,0,9,12,0,0,0,13,37,0,48,6,0,0,8,11,22,18,13,0,10,0,0,24,9,0,6,29,17,4,9,3,3,2,0,8,17,0,3,13,0,43
2018-05-01,25,19,14,22,0,0,8,12,0,3,0,16,26,0,23,7,0,0,6,8,23,15,12,29,4,0,0,26,8,2,8,37,15,5,5,3,2,1,0,7,15,0,3,13,0,45
2018-06-01,25,18,13,20,0,0,7,10,16,3,0,15,29,0,23,5,0,0,7,8,28,15,12,0,5,0,0,41,16,2,9,23,18,5,8,2,2,1,0,5,14,0,3,12,0,34
2018-07-01,24,19,14,12,0,0,7,12,0,3,0,20,34,0,22,6,0,0,8,8,26,16,13,0,12,0,0,25,9,0,10,0,23,4,5,3,1,1,0,8,16,0,2,10,0,32
2018-08-01,22,22,16,13,0,0,5,12,0,4,0,24,37,16,24,11,0,0,7,10,27,18,11,0,5,0,0,38,14,2,8,27,22,4,6,4,2,1,0,7,18,0,2,12,0,36
2018-09-01,27,20,15,27,0,0,7,12,26,2,0,20,34,0,0,7,0,0,9,7,31,19,11,0,6,0,0,50,15,0,9,23,21,7,7,3,2,1,0,8,18,0,3,13,0,0
2018-10-01,36,20,15,24,0,0,10,12,17,2,0,16,34,18,16,6,0,37,9,8,39,20,10,22,6,0,0,40,8,0,11,28,23,4,9,3,2,1,0,8,16,0,4,13,0,31
2018-11-01,28,20,13,14,0,0,6,11,0,4,0,11,38,0,17,0,25,0,7,11,31,18,9,0,6,0,0,35,8,0,9,19,18,4,7,3,1,1,0,7,13,0,2,11,0,23
2018-12-01,29,19,14,20,0,0,6,14,0,3,0,17,34,0,0,5,0,0,6,7,34,19,10,23,6,1,0,55,8,0,5,0,17,6,8,3,1,1,0,7,12,0,3,11,0,37
2019-01-01,27,21,13,17,0,0,6,10,0,2,0,11,32,0,19,5,0,0,7,6,38,19,11,0,6,0,0,47,8,0,9,25,19,6,3,2,2,1,0,7,14,0,3,11,0,29
2019-02-01,27,23,14,19,0,0,7,11,0,3,0,22,26,0,25,6,0,0,8,10,33,18,12,0,5,0,0,39,5,0,10,0,21,4,7,3,2,1,0,8,12,0,3,13,0,27
2019-03-01,26,22,14,11,0,0,8,9,0,2,0,19,31,0,0,7,24,0,8,7,33,18,11,0,4,0,0,31,5,0,7,25,20,5,10,3,2,1,0,7,13,0,2,11,0,0
2019-04-01,23,22,14,11,0,0,7,11,0,3,0,12,29,0,22,0,0,0,5,5,30,16,10,0,8,0,0,25,5,0,4,0,19,3,7,2,2,1,0,9,13,0,2,16,0,0
2019-05-01,31,24,16,22,0,0,9,14,0,3,0,25,30,0,32,7,0,0,8,7,37,20,9,0,8,0,0,36,6,0,9,28,20,4,9,2,2,1,0,10,15,0,3,14,0,0
2019-06-01,24,21,13,18,0,0,7,11,0,3,0,13,29,0,0,4,0,0,6,5,32,34,10,0,7,0,0,32,5,0,7,0,19,7,8,3,2,1,0,10,14,0,2,14,0,23
2019-07-01,29,25,15,19,0,0,8,10,0,3,0,17,29,0,31,4,0,0,7,6,38,30,10,0,6,0,0,37,7,0,9,29,27,11,10,3,3,1,0,9,14,0,3,11,0,38
2019-08-01,34,27,15,24,0,0,10,10,0,3,0,20,27,0,41,10,0,0,8,5,43,26,11,0,8,0,0,36,6,0,11,0,31,21,9,1,2,2,0,10,18,0,3,13,0,26
2019-09-01,37,28,16,35,0,0,10,13,0,3,0,22,52,0,32,10,0,0,9,6,49,27,12,0,11,0,0,37,6,2,14,34,31,28,10,4,2,1,0,11,15,0,3,13,0,29
2019-10-01,33,29,17,28,0,0,8,15,0,5,0,21,45,0,19,7,0,0,9,7,51,46,10,32,6,0,0,33,5,0,11,33,26,11,9,2,2,2,0,11,19,0,3,12,0,23
2019-11-01,32,31,19,20,0,0,10,13,0,7,0,23,40,0,38,6,0,0,7,10,49,56,13,29,11,0,0,41,9,2,19,28,27,7,8,3,3,2,0,12,21,0,4,15,0,25
2019-12-01,31,31,17,20,0,0,9,13,0,4,0,23,48,0,17,7,0,0,8,6,51,54,11,0,9,0,0,34,7,0,14,20,27,9,7,3,2,2,0,14,24,0,3,12,0,26
2020-01-01,37,35,19,39,0,0,11,15,0,7,0,27,42,0,46,4,0,37,7,8,52,41,11,33,11,0,0,35,10,0,12,25,25,9,11,4,1,2,0,15,22,0,4,16,0,51
2020-02-01,39,38,20,32,0,0,12,13,15,5,0,27,34,24,22,6,0,0,10,8,46,32,11,29,9,0,0,45,11,0,12,22,32,6,12,4,2,2,0,15,25,0,3,13,0,28
2020-03-01,71,53,38,80,0,0,22,25,75,13,0,70,48,50,91,24,0,100,16,13,70,98,12,50,17,0,44,61,37,1,22,45,33,10,10,5,2,2,0,19,49,0,3,11,0,37
2020-04-01,46,55,31,67,0,0,23,32,35,12,0,75,100,30,49,21,28,0,13,19,33,80,12,26,16,1,42,71,100,2,32,52,22,16,8,9,3,2,0,14,64,0,2,11,0,38
2020-05-01,54,54,27,71,0,0,31,30,40,11,0,85,100,21,45,22,0,0,13,19,43,68,12,33,30,1,35,60,44,4,23,60,29,18,7,7,2,1,0,17,62,0,2,11,0,27
2020-06-01,61,59,33,96,0,0,30,22,24,12,0,90,67,15,47,23,0,0,15,18,54,73,11,25,24,1,39,74,52,1,19,28,40,10,12,12,3,2,0,18,67,0,3,11,0,0
2020-07-01,51,61,34,68,0,0,23,24,31,14,0,63,62,26,72,14,0,0,19,24,58,76,10,34,22,1,48,67,43,3,23,48,39,9,16,9,3,2,41,21,61,0,4,12,0,0
2020-08-01,43,64,33,40,0,0,21,21,27,12,0,64,60,27,50,16,0,0,18,26,50,77,10,21,18,0,52,89,56,2,21,41,35,16,12,8,2,3,56,14,48,0,4,14,0,24
2020-09-01,48,53,27,50,0,0,19,17,37,9,0,54,52,27,62,14,0,0,25,23,51,46,11,32,19,0,0,86,43,2,25,47,36,10,10,7,3,2,0,13,37,0,3,12,0,36
2020-10-01,39,43,22,42,0,0,16,16,15,8,0,44,36,14,49,11,0,83,24,20,38,39,10,29,17,0,0,70,29,3,15,46,32,12,11,6,3,2,0,12,30,0,3,10,0,24
2020-11-01,46,44,26,52,0,0,19,11,32,9,0,55,44,21,51,16,0,47,22,18,42,60,10,31,22,0,0,91,46,2,17,56,36,13,12,8,3,2,50,15,43,0,4,20,0,40
2020-12-01,46,55,32,44,0,0,24,14,58,9,0,57,28,60,42,15,0,52,25,24,46,77,12,34,23,0,0,84,44,3,28,56,33,14,13,13,4,3,0,30,45,0,5,18,22,42
2021-01-01,51,54,31,49,0,0,23,22,46,11,0,64,39,27,56,13,0,51,31,24,43,71,14,0,23,1,45,70,35,2,20,36,42,21,15,15,4,4,0,53,52,0,6,21,0,31
2021-02-01,57,65,32,67,0,0,32,15,46,19,0,56,47,64,77,17,0,57,28,26,56,75,15,33,34,1,0,72,32,2,28,38,43,20,15,13,4,3,50,24,53,0,5,17,0,0
2021-03-01,62,51,27,48,0,0,28,19,24,8,0,51,41,26,50,9,0,35,25,22,50,60,14,30,21,0,0,69,38,1,21,49,37,10,19,12,3,3,0,18,41,0,3,19,0,25
2021-04-01,61,46,26,45,0,0,31,17,39,7,0,53,41,35,39,13,0,0,28,29,46,63,12,0,25,0,0,89,89,2,21,58,36,12,17,11,3,5,0,17,45,0,5,15,0,23
2021-05-01,62,55,30,60,0,0,37,22,41,10,46,72,48,26,64,21,0,49,28,36,47,89,11,44,35,1,58,100,94,3,29,59,42,16,19,19,4,10,58,22,60,0,5,17,0,46
2021-06-01,59,59,35,57,24,0,34,20,45,11,0,72,59,28,67,17,0,32,35,32,47,83,11,0,32,0,34,81,53,3,33,68,44,16,24,24,5,9,0,24,73,0,7,21,0,28
2021-07-01,49,54,31,32,0,0,28,14,23,9,0,57,36,21,64,18,0,0,32,37,40,65,10,0,30,1,42,74,42,3,24,73,39,12,21,20,12,7,0,22,53,0,11,23,0,44
2021-08-01,50,47,28,34,0,0,31,15,33,7,45,50,35,0,58,12,0,0,37,32,42,61,11,0,30,0,0,74,34,3,31,39,34,13,23,20,49,8,0,21,44,0,7,20,0,53
2021-09-01,54,49,27,40,0,0,33,19,34,6,0,52,29,27,46,11,0,33,47,37,44,58,10,0,33,0,0,66,24,2,25,48,40,18,25,21,25,8,47,17,43,0,12,21,21,34
2021-10-01,52,52,30,37,0,0,30,20,36,10,0,54,37,27,58,18,24,48,45,33,42,66,10,0,27,0,62,54,30,2,27,44,40,18,28,35,43,7,0,20,43,0,10,22,0,37
2021-11-01,61,52,31,52,0,0,33,24,47,9,0,53,20,0,77,20,0,48,34,26,46,62,9,0,35,0,40,58,35,2,24,61,45,13,25,29,32,7,0,17,42,0,11,26,0,0
2021-12-01,72,54,34,73,0,0,40,20,42,10,0,57,26,31,80,21,0,0,38,33,53,63,10,31,37,1,0,65,36,2,23,57,50,11,34,32,24,6,0,20,47,0,8,25,0,34
2022-01-01,69,55,34,61,0,0,45,33,60,12,0,72,54,32,80,20,0,0,66,74,49,75,14,28,37,1,33,59,49,4,29,76,61,16,45,65,28,5,73,22,64,0,10,19,0,36
2022-02-01,94,56,36,91,20,70,55,30,86,14,34,67,57,27,75,19,100,50,57,47,59,66,19,39,42,0,37,51,31,2,29,97,49,15,44,34,18,6,85,21,56,1,12,22,0,40
2022-03-01,94,49,32,68,20,68,47,37,32,11,0,57,38,18,65,16,66,37,43,33,54,56,15,22,40,0,24,44,24,2,24,75,43,13,37,27,11,8,39,18,48,0,8,17,19,41
2022-04-01,67,46,25,97,18,52,41,40,26,18,31,50,27,19,100,13,25,33,46,31,45,52,14,41,39,1,24,31,21,2,26,81,32,11,32,29,11,4,33,17,44,0,6,17,0,37
2022-05-01,88,47,27,98,28,61,51,29,52,12,0,55,29,26,75,16,49,31,56,35,49,44,11,39,40,1,41,38,18,2,28,52,37,10,35,18,8,7,0,17,39,0,6,15,16,33
2022-06-01,90,39,23,76,17,0,48,25,47,10,0,47,28,15,51,12,30,0,43,26,48,35,12,29,37,0,24,35,15,2,23,44,49,11,37,17,7,6,0,17,33,0,6,14,0,38
2022-07-01,77,39,21,69,23,0,45,22,23,8,0,50,32,0,60,10,38,0,47,25,44,37,11,23,37,0,29,31,15,3,34,55,49,12,30,17,6,5,0,18,32,0,6,13,20,41
2022-08-01,83,47,21,64,23,0,49,30,37,9,0,57,27,0,44,13,43,23,47,23,45,48,10,28,42,1,58,33,19,2,26,90,33,13,32,21,6,4,0,18,39,0,5,14,0,33
2022-09-01,96,47,22,73,12,81,62,24,36,10,0,55,39,13,59,16,48,27,71,31,57,45,11,25,57,1,30,40,20,3,26,100,42,12,37,21,6,4,0,21,39,0,9,13,24,41
2022-10-01,90,40,19,100,25,0,49,20,23,10,0,51,29,20,55,10,0,0,41,19,49,43,9,20,44,1,24,34,17,2,22,56,39,9,36,18,6,4,0,23,29,0,7,12,17,42
2022-11-01,88,43,21,91,19,0,49,19,22,11,0,53,34,0,47,9,19,0,44,26,52,50,12,43,39,1,36,41,16,3,25,61,34,11,31,17,6,4,0,29,34,0,6,13,0,32
2022-12-01,91,46,20,71,25,0,50,22,29,9,0,43,29,13,48,8,22,24,54,24,62,64,11,28,48,1,39,50,33,3,26,56,38,10,33,17,5,4,0,30,36,0,6,13,23,43
2023-01-01,87,43,20,67,21,66,53,21,27,8,0,50,26,28,48,13,20,28,42,23,62,52,11,30,50,1,35,41,16,2,20,49,37,8,33,18,6,5,32,32,37,0,5,12,0,36
2023-02-01,85,48,22,70,16,0,52,20,16,11,0,47,31,18,42,10,38,0,43,22,66,49,12,23,53,0,33,38,17,2,26,48,37,9,39,21,7,4,0,35,36,0,7,13,0,40
2023-03-01,87,41,18,65,18,61,55,20,18,7,0,53,35,14,28,12,29,0,40,17,60,44,12,20,53,1,0,42,13,2,15,38,33,6,34,16,5,3,0,35,29,0,5,12,0,38
2023-04-01,66,35,18,52,17,75,44,19,15,6,0,42,23,11,40,10,40,0,47,16,49,35,10,21,44,1,37,33,15,3,16,44,34,7,21,13,4,2,0,31,29,0,4,12,0,41
2023-05-01,69,39,20,43,18,51,58,17,12,6,0,42,21,11,54,11,24,0,38,20,53,41,10,16,54,0,25,41,14,2,17,34,32,8,26,14,5,3,0,33,32,0,4,13,16,27
2023-06-01,78,44,21,44,25,0,57,18,11,6,0,45,33,0,44,14,26,0,52,27,63,49,10,22,53,1,44,47,20,2,27,30,40,9,39,25,7,3,0,38,40,0,6,13,0,56
2023-07-01,81,46,26,57,24,0,83,23,16,9,0,70,29,11,70,19,25,0,79,34,70,57,11,19,73,1,46,49,22,2,30,47,49,13,41,32,7,4,40,50,52,0,6,14,0,40
2023-08-01,75,51,29,59,25,0,79,22,26,7,0,71,29,0,50,19,28,0,58,30,71,62,11,23,77,1,34,62,27,3,19,26,47,11,45,30,9,4,0,93,62,0,8,17,23,57
2023-09-01,76,47,27,42,39,0,92,14,29,7,0,67,19,0,53,17,0,0,51,27,74,79,12,18,100,1,76,44,24,4,22,53,47,11,50,35,9,4,40,100,68,0,9,17,17,41
2023-10-01,76,41,24,49,33,100,73,16,28,5,0,56,27,16,56,17,24,0,45,21,65,50,11,34,62,0,40,36,15,3,18,44,43,10,53,22,6,2,30,84,47,0,8,13,16,36
2023-11-01,77,45,29,31,39,0,77,18,16,8,36,63,24,12,61,20,0,35,36,26,65,52,10,32,56,1,38,47,26,3,14,57,41,10,64,35,19,3,50,73,48,0,11,14,20,47
2023-12-01,86,54,30,45,41,0,96,23,44,7,0,84,25,22,50,23,23,27,57,44,76,63,11,21,82,1,88,47,32,5,31,58,47,14,69,53,44,4,55,75,66,0,9,17,15,48
2024-01-01,100,60,31,50,45,0,100,25,60,10,39,100,24,29,81,23,31,41,65,44,100,99,12,36,83,1,100,55,39,5,26,69,68,12,78,85,63,5,100,83,86,0,13,18,17,34
2024-02-01,85,60,27,43,59,0,87,32,48,7,68,82,23,22,60,17,0,38,54,28,91,100,12,31,77,1,92,46,33,5,26,71,58,16,87,100,57,4,68,80,82,0,9,21,43,84
2024-03-01,72,41,21,40,44,0,64,30,55,6,42,51,36,20,41,14,42,0,49,23,66,58,10,23,56,0,39,35,19,3,18,49,65,13,72,39,27,3,62,83,54,0,17,15,23,64
2024-04-01,68,42,24,52,51,77,68,38,37,5,63,51,42,15,45,16,38,32,50,23,61,59,9,0,51,1,0,37,21,4,23,49,57,13,65,40,30,4,58,76,50,0,18,21,20,49
2024-05-01,70,39,22,52,57,0,63,40,40,6,61,53,27,18,39,17,27,0,50,22,63,55,9,20,51,0,0,37,19,5,27,51,57,13,70,39,27,4,50,63,50,0,13,20,0,61
2024-06-01,83,42,22,48,58,0,72,56,56,7,62,53,29,19,34,13,0,27,49,27,70,64,8,26,53,1,50,37,24,4,37,37,61,15,76,54,28,3,84,59,60,0,16,22,26,75
2024-07-01,71,48,25,51,65,0,66,61,43,6,60,45,30,23,55,17,62,0,62,35,60,68,10,26,48,1,42,43,32,4,42,61,67,17,88,71,39,5,44,62,73,0,14,23,27,74
2024-08-01,79,44,25,71,100,0,64,46,100,7,100,48,36,39,45,19,58,57,51,32,56,54,9,0,40,0,0,52,33,5,34,72,68,14,100,57,27,6,87,63,56,0,13,15,22,75
2024-09-01,76,46,25,49,84,0,60,50,54,6,60,59,35,0,51,19,52,0,58,28,50,47,9,0,37,0,42,54,38,4,39,77,70,14,91,52,25,6,0,71,87,0,15,11,35,100
2024-10-01,89,41,29,53,98,24,68,49,68,5,85,62,28,16,45,20,49,57,45,23,53,45,10,12,41,0,67,54,26,2,28,27,100,14,93,33,18,5,25,71,58,0,12,10,15,34
